Target,Model,MAE,RMSE,R2,Training_Time,Prediction_Time
SOH,Random Forest,2.3735931276290736,2.604407404142868,-4.499439022495946,0.267281800013734,0.05219280000892468
SOH,AHRF-v1,2.7287034096267266,2.9376939101106343,-5.997028360478792,0.6751086000003852,0.023783699987689033
SOH,AHRF-v2,2.744010240586105,2.9495358205671334,-6.053552414686175,1.5316632999747526,0.023900800006231293
SOC,Random Forest,7.956956442463161,8.913089089496719,-2.4908419684348875,0.19302080001216382,0.0292335000121966
SOC,AHRF-v1,10.703918092112296,11.585756286372444,-4.898240418335192,0.5459502000012435,0.024374400003580377
SOC,AHRF-v2,10.817892572977483,11.691536126994768,-5.006435884966528,1.687329000007594,0.026162699999986216
RUL,Random Forest,13.962679365079364,14.758912592686372,-10.66922326349409,0.10569589998340234,0.020209699985571206
RUL,AHRF-v1,13.354924936425002,14.160386088354393,-9.741957187746106,0.4012624000024516,0.017894399992655963
RUL,AHRF-v2,13.56536760706115,14.36266426089451,-10.051042393098736,1.23759269999573,0.020927200006553903
