cycle_index,SOC_actual,SOC_pred,SOH_actual,SOH_pred,RUL_actual,RUL_pred,status,recommendation
135,21.81099717286785,18.49412962781727,68.4925002,68.7018584423949,0.0,0.0016874077639408348,CRITICAL,Battery health is low (SOH=68.7%) and/or remaining life is short (RUL=0 cycles). Schedule replacement soon.
136,14.760701684039493,15.905106787319994,68.23913974999999,68.4267633355122,0.0,0.0,CRITICAL,Battery health is low (SOH=68.4%) and/or remaining life is short (RUL=0 cycles). Schedule replacement soon.
137,17.247093139013263,16.328542105102773,67.71610235,68.46732925437493,0.0,0.0,CRITICAL,Battery health is low (SOH=68.5%) and/or remaining life is short (RUL=0 cycles). Schedule replacement soon.
138,16.31729302322884,16.141591095141393,67.73208509999999,68.48354747800026,0.0,0.0016874077639408348,CRITICAL,Battery health is low (SOH=68.5%) and/or remaining life is short (RUL=0 cycles). Schedule replacement soon.
139,14.079862720531192,15.946652699990938,67.73519605,68.47274591259064,0.0,0.0,CRITICAL,Battery health is low (SOH=68.5%) and/or remaining life is short (RUL=0 cycles). Schedule replacement soon.
140,12.555041184626043,16.094148257939686,67.4657499,68.47540252091622,0.0,0.0,CRITICAL,Battery health is low (SOH=68.5%) and/or remaining life is short (RUL=0 cycles). Schedule replacement soon.
141,9.347880073416146,16.020371851638654,67.2094597,68.46458762653603,0.0,0.0,CRITICAL,Battery health is low (SOH=68.5%) and/or remaining life is short (RUL=0 cycles). Schedule replacement soon.
142,8.6081955262913,15.815722631635522,66.94956895,68.41365485064122,0.0,0.0,CRITICAL,Battery health is low (SOH=68.4%) and/or remaining life is short (RUL=0 cycles). Schedule replacement soon.
143,9.4102726067882,15.874076215146992,66.94572615,68.49727374605122,0.0,0.0,CRITICAL,Battery health is low (SOH=68.5%) and/or remaining life is short (RUL=0 cycles). Schedule replacement soon.
144,11.446944223736114,16.308833495121743,66.7003338,68.50869396980465,0.0,0.0,CRITICAL,Battery health is low (SOH=68.5%) and/or remaining life is short (RUL=0 cycles). Schedule replacement soon.
145,8.260322439836083,15.892491734895955,66.43222155000001,68.41605010111779,0.0,0.0,CRITICAL,Battery health is low (SOH=68.4%) and/or remaining life is short (RUL=0 cycles). Schedule replacement soon.
146,7.346252880689683,16.016547451212823,66.15854494999999,68.38336003235864,0.0,0.0,CRITICAL,Battery health is low (SOH=68.4%) and/or remaining life is short (RUL=0 cycles). Schedule replacement soon.
147,8.587588928370758,16.0865297344475,65.90845795,68.40699622052452,0.0,0.0,CRITICAL,Battery health is low (SOH=68.4%) and/or remaining life is short (RUL=0 cycles). Schedule replacement soon.
148,9.785280637195738,16.07193486370223,65.9233222,68.49979508129708,0.0,0.0,CRITICAL,Battery health is low (SOH=68.5%) and/or remaining life is short (RUL=0 cycles). Schedule replacement soon.
149,6.116242324987793,15.967107564790224,65.91465199999999,68.46963324278961,0.0,0.0,CRITICAL,Battery health is low (SOH=68.5%) and/or remaining life is short (RUL=0 cycles). Schedule replacement soon.
150,3.4993859017742013,16.023707569683335,66.1936211,68.42352079995405,0.0,0.0016874077639408348,CRITICAL,Battery health is low (SOH=68.4%) and/or remaining life is short (RUL=0 cycles). Schedule replacement soon.
151,12.720776682605822,16.06036902000097,68.00608385,68.57121259828514,0.0,0.0,CRITICAL,Battery health is low (SOH=68.6%) and/or remaining life is short (RUL=0 cycles). Schedule replacement soon.
152,11.86457552058752,16.14021726932192,66.97653435000001,68.50735668250788,0.0,0.0,CRITICAL,Battery health is low (SOH=68.5%) and/or remaining life is short (RUL=0 cycles). Schedule replacement soon.
153,11.781140641769712,16.064219501941043,66.45143285,68.44601750553034,0.0,0.0,CRITICAL,Battery health is low (SOH=68.4%) and/or remaining life is short (RUL=0 cycles). Schedule replacement soon.
154,10.625346691838962,16.279172997028642,66.18370635000001,68.42245284443406,0.0,0.0,CRITICAL,Battery health is low (SOH=68.4%) and/or remaining life is short (RUL=0 cycles). Schedule replacement soon.
155,8.273610720201958,16.01410106405937,65.93169485,68.40699383691765,0.0,0.0016874077639408348,CRITICAL,Battery health is low (SOH=68.4%) and/or remaining life is short (RUL=0 cycles). Schedule replacement soon.
156,8.901892959367437,16.034430181370396,65.6737566,68.41778620206013,0.0,0.0,CRITICAL,Battery health is low (SOH=68.4%) and/or remaining life is short (RUL=0 cycles). Schedule replacement soon.
157,5.593224436309461,16.122310926724687,65.66010315,68.43906409871133,0.0,0.0,CRITICAL,Battery health is low (SOH=68.4%) and/or remaining life is short (RUL=0 cycles). Schedule replacement soon.
158,5.9921658859251234,16.03713594785487,65.38979975,68.40699383691765,0.0,0.0,CRITICAL,Battery health is low (SOH=68.4%) and/or remaining life is short (RUL=0 cycles). Schedule replacement soon.
159,6.735778951058063,16.105589269813784,65.15164595,68.45980380977262,0.0,0.0,CRITICAL,Battery health is low (SOH=68.5%) and/or remaining life is short (RUL=0 cycles). Schedule replacement soon.
160,4.086720401366614,16.003427333915546,65.1678678,68.43786764126774,0.0,0.0,CRITICAL,Battery health is low (SOH=68.4%) and/or remaining life is short (RUL=0 cycles). Schedule replacement soon.
161,0.8404860960739887,15.88966933579034,65.1705022,68.42708000492317,0.0,0.0,CRITICAL,Battery health is low (SOH=68.4%) and/or remaining life is short (RUL=0 cycles). Schedule replacement soon.
162,3.839589216753237,16.011119127186305,64.89435405,68.42653720704465,0.0,0.0016874077639408348,CRITICAL,Battery health is low (SOH=68.4%) and/or remaining life is short (RUL=0 cycles). Schedule replacement soon.
163,0.0,15.89926650296107,64.9036753,68.43624491829715,0.0,0.0,CRITICAL,Battery health is low (SOH=68.4%) and/or remaining life is short (RUL=0 cycles). Schedule replacement soon.
164,2.438986666294716,16.144799917030472,64.6731807,68.45902405885472,0.0,0.0,CRITICAL,Battery health is low (SOH=68.5%) and/or remaining life is short (RUL=0 cycles). Schedule replacement soon.
165,4.483995416944957,16.05133045634282,64.40016965000001,68.46926730536558,0.0,0.0,CRITICAL,Battery health is low (SOH=68.5%) and/or remaining life is short (RUL=0 cycles). Schedule replacement soon.
166,2.782532963141599,16.08882938311459,64.37262609999999,68.49585165096468,0.0,0.0,CRITICAL,Battery health is low (SOH=68.5%) and/or remaining life is short (RUL=0 cycles). Schedule replacement soon.
167,7.04355732852022,18.465741681173945,65.4507682,68.55357717233495,0.0,0.0,CRITICAL,Battery health is low (SOH=68.6%) and/or remaining life is short (RUL=0 cycles). Schedule replacement soon.
168,11.441442833526692,24.04739405794493,66.25396645000001,68.76844814015625,0.0,0.0,CRITICAL,Battery health is low (SOH=68.8%) and/or remaining life is short (RUL=0 cycles). Schedule replacement soon.
